,latitude_1,longitude_1,altitude_relative_to_ground_1,latitude_2,longitude_2,altitude_relative_to_ground_2,latitude_3,longitude_3,altitude_relative_to_ground_3,latitude_4,longitude_4,altitude_relative_to_ground_4,latitude_5,longitude_5,altitude_relative_to_ground_5,latitude_6,longitude_6,altitude_relative_to_ground_6,latitude_7,longitude_7,altitude_relative_to_ground_7,latitude_8,longitude_8,altitude_relative_to_ground_8,latitude_9,longitude_9,altitude_relative_to_ground_9,latitude_10,longitude_10,altitude_relative_to_ground_10,latitude_11,longitude_11,altitude_relative_to_ground_11,latitude_12,longitude_12,altitude_relative_to_ground_12,latitude_13,longitude_13,altitude_relative_to_ground_13,latitude_14,longitude_14,altitude_relative_to_ground_14,latitude_15,longitude_15,altitude_relative_to_ground_15,latitude_16,longitude_16,altitude_relative_to_ground_16,latitude_17,longitude_17,altitude_relative_to_ground_17,latitude_18,longitude_18,altitude_relative_to_ground_18,latitude_19,longitude_19,altitude_relative_to_ground_19,latitude_20,longitude_20,altitude_relative_to_ground_20,enter-parking
10_A.xml,36.11119992326247,-115.1416541414109,0.0,36.11120586456983,-115.1415539750677,0.0,36.1112109660866,-115.1414002720483,0.0,36.11121096703754,-115.1412812062101,0.0,36.11121096798771,-115.1411498233898,0.0,36.11121426536978,-115.1409775690743,0.0,36.11122087450902,-115.1408585881381,0.0,36.11111519963539,-115.140833124229,0.0,36.11101357973648,-115.1408598999737,0.0,36.110905033843,-115.1408444079849,0.0,36.11080842018291,-115.1408359849683,0.0,36.11073681832075,-115.1408789289873,0.0,36.11065688023061,-115.140890190147,0.0,36.11057856316597,-115.1409028998453,0.0,36.11052039325235,-115.1408316324643,0.0,36.1105333296647,-115.1407454725339,0.0,36.11053910730816,-115.1406954483572,0.0,36.11052900833372,-115.1406514473553,0.0,36.11055508571852,-115.1405503410323,0.0,36.1106294173743,-115.1405209703845,0.0,1
10_A_Missed.xml,36.10969929464272,-115.1406357188195,0.0,36.10975576797164,-115.1406600635799,0.0,36.10979535111534,-115.140685416138,0.0,36.10984450026955,-115.1407235361787,0.0,36.10990385466075,-115.1407776349884,0.0,36.10995554266773,-115.1408280529066,0.0,36.11002518494541,-115.1408497588918,0.0,36.11008963437929,-115.1408605097807,0.0,36.11016358159311,-115.1408177882243,0.0,36.11024127534105,-115.1407833560539,0.0,36.11033252896918,-115.1407545722287,0.0,36.11042737632566,-115.1407218245589,0.0,36.11049368481346,-115.1407648645009,0.0,36.11052751541684,-115.1408539699339,0.0,36.11063027963793,-115.1408955889007,0.0,36.11071016132468,-115.1408736874446,0.0,36.1107827464004,-115.1408619991992,0.0,36.11088104424041,-115.1408358989773,0.0,36.11099544564994,-115.1408512560067,0.0,36.11115954546281,-115.1408596842845,0.0,0
10_B.xml,36.11069238280298,-115.1410138451003,0.0,36.11065793090691,-115.1409860483227,0.0,36.11062679876979,-115.1409516579664,0.0,36.1105872188808,-115.1409321981088,0.0,36.11054094858405,-115.1409188423373,0.0,36.11050101889071,-115.1408595123983,0.0,36.11050953105451,-115.1407767392135,0.0,36.11052805590899,-115.1407060386717,0.0,36.11053664287755,-115.1406316354835,0.0,36.11054381656638,-115.140538877568,0.0,36.11054669001697,-115.1404407893646,0.0,36.11056399207443,-115.1403594714465,0.0,36.11056688433919,-115.1402729667588,0.0,36.11056254462209,-115.1401841225359,0.0,36.11057267693694,-115.1401057145533,0.0,36.11057702856676,-115.1399905754172,0.0,36.11057847911676,-115.1398300882421,0.0,36.11059449783492,-115.1397149968356,0.0,36.11063269062871,-115.1396358966029,0.0,36.11066686771677,-115.1396669204195,0.0,1
10_B_Missed.xml,36.11044845386514,-115.1392558261439,0.0,36.11041894304549,-115.1392643072063,0.0,36.11038007253905,-115.1392721797365,0.0,36.11033359098085,-115.1392710802167,0.0,36.110282550584,-115.1392752648892,0.0,36.11021811143012,-115.1392716991216,0.0,36.1101589835532,-115.1392629973277,0.0,36.11009989098123,-115.1392544174832,0.0,36.11005795060301,-115.1392548455588,0.0,36.11001185617626,-115.1392563255441,0.0,36.10995712971499,-115.1392533389471,0.0,36.10992554068891,-115.1392503168155,0.0,36.10988402028239,-115.1392454860677,0.0,36.1098567124821,-115.139238893502,0.0,36.10982969701853,-115.1392349193699,0.0,36.10978971188758,-115.1392227185161,0.0,36.10975252880801,-115.139190745957,0.0,36.10973953779983,-115.1391438841272,0.0,36.10970842256813,-115.1391117237903,0.0,36.10965047691418,-115.1391002489508,0.0,0
11_A.xml,36.10969453955114,-115.1408623231164,0.0,36.1097476667513,-115.1408706560918,0.0,36.10980797639419,-115.1408776732351,0.0,36.10986422614919,-115.140874080837,0.0,36.10992408098144,-115.1408681789964,0.0,36.10999405769778,-115.1408786493569,0.0,36.11004488302418,-115.1408836691688,0.0,36.11012789503808,-115.1408960400605,0.0,36.11018656709453,-115.1408967726318,0.0,36.11024213971759,-115.140891434987,0.0,36.11030876076025,-115.1408736030834,0.0,36.11035757050215,-115.1408359750187,0.0,36.11039486952378,-115.1407960376115,0.0,36.11044299104767,-115.1407593891075,0.0,36.11046872108692,-115.140713932533,0.0,36.11048950932848,-115.1406503908297,0.0,36.11051839392005,-115.140609817116,0.0,36.11056104218645,-115.1405464874431,0.0,36.11059899021687,-115.1405226073119,0.0,36.11063754172083,-115.140527766168,0.0,1
11_A_Missed.xml,36.10966733975352,-115.1409308653812,0.0,36.10969389255513,-115.1408955014036,0.0,36.10974190221023,-115.1408589057905,0.0,36.10981905103311,-115.1408740459498,0.0,36.1098741307964,-115.140870229474,0.0,36.10994378966855,-115.1408680221568,0.0,36.11002244600667,-115.1408845668252,0.0,36.11009672524007,-115.1408603671939,0.0,36.11016366023149,-115.140814455669,0.0,36.11024122755478,-115.1407869138645,0.0,36.11029944305868,-115.1407672130752,0.0,36.11036692367425,-115.1407367793339,0.0,36.11045251657686,-115.1407418731813,0.0,36.11050888399744,-115.1407767429216,0.0,36.11058789389151,-115.14081745985,0.0,36.1106782090065,-115.1408326576477,0.0,36.1107701256709,-115.1408096036411,0.0,36.1108747687688,-115.1407911741566,0.0,36.11099509266168,-115.1408086172979,0.0,36.11110341980482,-115.1408094163725,0.0,0
11_B.xml,36.11012230675771,-115.1391687984221,0.0,36.11011961739798,-115.1392047529381,0.0,36.11013039194474,-115.1392256364511,0.0,36.11015069823299,-115.1392428627643,0.0,36.11018072938843,-115.1392593934413,0.0,36.11021799580785,-115.1392692343199,0.0,36.1102557221019,-115.1392791966777,0.0,36.11029819003659,-115.1392925586386,0.0,36.1103297079439,-115.1393157245914,0.0,36.11039812739659,-115.1393329157413,0.0,36.11043662651578,-115.1393480220641,0.0,36.11048314965847,-115.1393838257084,0.0,36.11050895391151,-115.1394151892092,0.0,36.11053958021386,-115.139441056083,0.0,36.11055809712489,-115.1394628917418,0.0,36.11057205498954,-115.1394890539122,0.0,36.1105923231536,-115.1395190845339,0.0,36.11061271899086,-115.1395602394787,0.0,36.11063324339527,-115.1396016539843,0.0,36.11066507313381,-115.1396494064376,0.0,1
11_B_Missed.xml,36.1095947900742,-115.1390897970451,0.0,36.10962894761266,-115.1390955555528,0.0,36.10966451407255,-115.1391057296137,0.0,36.10972477768388,-115.1391248487098,0.0,36.10976647426332,-115.1391620225588,0.0,36.1097820787493,-115.1391871206143,0.0,36.10980987803587,-115.1391955242794,0.0,36.10983612977905,-115.1392083549034,0.0,36.10986459032354,-115.1392169885299,0.0,36.10989436864746,-115.1392291758411,0.0,36.1099137830374,-115.1392282919119,0.0,36.10993630892501,-115.1392264708066,0.0,36.1099560721678,-115.1392324148922,0.0,36.10997600086488,-115.1392429926852,0.0,36.11000013675599,-115.1392505054371,0.0,36.11002349682293,-115.1392614899312,0.0,36.11004708518342,-115.1392737448306,0.0,36.11006882447349,-115.1392988040919,0.0,36.11008133433647,-115.1393408326254,0.0,36.11008656541445,-115.1393882092039,0.0,0
12_A.xml,36.10971043688343,-115.1401668264193,0.0,36.10970986876598,-115.1402412988535,0.0,36.109726037553,-115.1403084228079,0.0,36.10976606811008,-115.1403499862731,0.0,36.10983948366739,-115.1403583643619,0.0,36.10992518121894,-115.1403840533208,0.0,36.10999398799232,-115.1404026665482,0.0,36.11004655171462,-115.1404312726949,0.0,36.11010368297276,-115.1404754673355,0.0,36.11015727142415,-115.14051846783,0.0,36.11021642706179,-115.1405826696207,0.0,36.1102431850386,-115.140637304656,0.0,36.11029968909873,-115.1406970059031,0.0,36.11038291173091,-115.1407319182945,0.0,36.11042722245211,-115.1407326216809,0.0,36.11046767644473,-115.140694994036,0.0,36.11050523673717,-115.140651924101,0.0,36.11055029525546,-115.1405968158484,0.0,36.1105761160801,-115.1405262518795,0.0,36.11062510259116,-115.1405200720073,0.0,1
12_A_Missed.xml,36.10967419344652,-115.1412906954211,0.0,36.10967615543397,-115.1412150832707,0.0,36.10968402103171,-115.1411334306048,0.0,36.10968500607922,-115.1410228627019,0.0,36.10968796420241,-115.1409518631605,0.0,36.10972879647933,-115.1408716021889,0.0,36.1098002922708,-115.1408642045011,0.0,36.10987734935714,-115.1408656793407,0.0,36.10995042897265,-115.1408663514436,0.0,36.11001104686525,-115.1408792447404,0.0,36.11007443127365,-115.1408887406529,0.0,36.11011684983086,-115.1409321743667,0.0,36.11016972796604,-115.1409460571392,0.0,36.11022253664852,-115.1409654206105,0.0,36.11028285351048,-115.1409996523573,0.0,36.11036561024932,-115.1410200252773,0.0,36.11046205530235,-115.1410104769995,0.0,36.1105186319413,-115.1409406548818,0.0,36.11061524811533,-115.1409270958405,0.0,36.11068117481187,-115.1410068454246,0.0,0
12_B.xml,36.1100995223595,-115.1394021585748,0.0,36.11010085754478,-115.1393691761105,0.0,36.11011424692715,-115.1393429238848,0.0,36.11014391571152,-115.139326505425,0.0,36.11017251031552,-115.139303994433,0.0,36.11020967520896,-115.1392833201058,0.0,36.11025150733508,-115.1392789034136,0.0,36.11029818996352,-115.1392880984681,0.0,36.11034993211438,-115.139317233736,0.0,36.11038490990148,-115.139345471852,0.0,36.11040254648842,-115.1393816304643,0.0,36.11042770145751,-115.1394095517093,0.0,36.11046355828474,-115.1394462989634,0.0,36.11050286485832,-115.1394853018509,0.0,36.1105349687662,-115.1395054625114,0.0,36.11056119461129,-115.1395267289519,0.0,36.11058451350622,-115.1395525002991,0.0,36.11060800139492,-115.1395800195228,0.0,36.11063166026727,-115.1396140060691,0.0,36.11065868255371,-115.1396502022122,0.0,1
12_B_Missed.xml,36.10961057192853,-115.1390862992493,0.0,36.10964694808372,-115.1390944375799,0.0,36.10968560812955,-115.1391041567876,0.0,36.10972552535047,-115.1391197121701,0.0,36.10975693721941,-115.1391456805136,0.0,36.1097841410273,-115.1391793609191,0.0,36.10982864798412,-115.1392011504222,0.0,36.1098667176103,-115.1392104147358,0.0,36.10990866604448,-115.1392170473537,0.0,36.10996194415041,-115.1392241067635,0.0,36.11001589730732,-115.1392314177987,0.0,36.11007822852885,-115.1392407581199,0.0,36.11013854266134,-115.1392455592193,0.0,36.11017963609623,-115.1392515776215,0.0,36.11022190757182,-115.1392577685712,0.0,36.11026364414612,-115.1392590494648,0.0,36.11031019328217,-115.139262181487,0.0,36.1103732652256,-115.13926415206,0.0,36.11039999291756,-115.1392211595642,0.0,36.11041936387415,-115.1391562356538,0.0,0
13_A.xml,36.11117602844788,-115.1412843870651,0.0,36.11119188332817,-115.1412808826961,0.0,36.11120395061771,-115.1412549143865,0.0,36.11121128674769,-115.1412115300005,0.0,36.11121591551694,-115.1411510740675,0.0,36.11121424359512,-115.1411042543907,0.0,36.11121946492116,-115.1410503445627,0.0,36.11122324502617,-115.1409775735803,0.0,36.11122092613974,-115.1409167141203,0.0,36.11122285659162,-115.1408561596146,0.0,36.11120901824021,-115.1408198340656,0.0,36.11118184945276,-115.1407881703325,0.0,36.11114885993391,-115.1407442479685,0.0,36.11111465669948,-115.1407100449037,0.0,36.11108621943691,-115.140672735179,0.0,36.11105159268628,-115.1406709242839,0.0,36.11100719879903,-115.1406701079012,0.0,36.11096662579432,-115.1406641837218,0.0,36.11094617469163,-115.1406491768641,0.0,36.11091761793811,-115.1406200170444,0.0,1
13_A_Missed.xml,36.11161436668277,-115.1415875252973,0.0,36.11156727439808,-115.1415216398616,0.0,36.11152799741413,-115.141434899169,0.0,36.1114793823503,-115.1413383034262,0.0,36.11141696878538,-115.1412608843207,0.0,36.11137663207165,-115.1412144692336,0.0,36.11132964680326,-115.1411318251583,0.0,36.11130169606964,-115.1410324563423,0.0,36.11125550741014,-115.1409536896337,0.0,36.11121207986638,-115.1408584151394,0.0,36.11109321166877,-115.1408456134835,0.0,36.11103172798034,-115.1408432971613,0.0,36.1109883531043,-115.1408450282116,0.0,36.11093475785484,-115.1408498271039,0.0,36.11088184279081,-115.1408313073729,0.0,36.11083999192171,-115.1408372758416,0.0,36.11078621374872,-115.1408480800976,0.0,36.11070483470308,-115.1408679312039,0.0,36.11063890469229,-115.1409136699544,0.0,36.11067673312629,-115.141000773554,0.0,0
13_B.xml,36.11048011300599,-115.1385219663865,0.0,36.11048162451424,-115.1385708722938,0.0,36.11047709571972,-115.1386337874289,0.0,36.11047257311616,-115.1386843846516,0.0,36.11046956218097,-115.13875168897,0.0,36.11046655411747,-115.1388204567835,0.0,36.11046505152588,-115.1388769544515,0.0,36.11046806057073,-115.1389502861765,0.0,36.11046505387325,-115.1390158903669,0.0,36.11046505516154,-115.1390922287989,0.0,36.11048314603921,-115.1391694699214,0.0,36.11049830053503,-115.1392331507975,0.0,36.11051200095924,-115.1392724201474,0.0,36.11051810948447,-115.1393236253049,0.0,36.11053189521962,-115.1393770963856,0.0,36.11055191218171,-115.1394081389121,0.0,36.11057983463085,-115.1394525175628,0.0,36.11061901953022,-115.1395233964812,0.0,36.11064434798243,-115.1395809531406,0.0,36.1106714762983,-115.1396549144473,0.0,1
13_B_Missed.xml,36.11185024482744,-115.1396593123846,0.0,36.11183124056199,-115.139584009,0.0,36.11174482603923,-115.1395357295131,0.0,36.11164466465107,-115.1395288455448,0.0,36.11154118916949,-115.1395213614331,0.0,36.11145340529975,-115.1395175196933,0.0,36.1113621357981,-115.139504932498,0.0,36.11122642681229,-115.1394931541394,0.0,36.11112191987675,-115.1394884994121,0.0,36.1110113145098,-115.1394771940925,0.0,36.11092099768952,-115.1394664288853,0.0,36.11083190133466,-115.1394575270037,0.0,36.11073065761118,-115.1394520507667,0.0,36.11063580663425,-115.1394453109925,0.0,36.11054378789312,-115.1394214683619,0.0,36.11050425093319,-115.1393091955665,0.0,36.11054230182287,-115.1392125696929,0.0,36.11067269205758,-115.1391940002584,0.0,36.11081574366446,-115.1391890075532,0.0,36.11099523948549,-115.1392112860969,0.0,0
14_A.xml,36.11112592947977,-115.1415189798486,0.0,36.111155560154,-115.1415107084597,0.0,36.11118289462566,-115.1414860082703,0.0,36.11119399113165,-115.1414256616202,0.0,36.1111988958449,-115.1413698234266,0.0,36.1112035558005,-115.1413148708763,0.0,36.1112093704731,-115.1412543871665,0.0,36.1112150704962,-115.1411990702799,0.0,36.11122318398017,-115.1411374202211,0.0,36.11121980263196,-115.14107379155,0.0,36.11122304244911,-115.1409936860793,0.0,36.11122624008024,-115.1409333357456,0.0,36.11123120120657,-115.1408644725217,0.0,36.11123702533188,-115.1408016023289,0.0,36.11124201921844,-115.1407422707062,0.0,36.11123433785891,-115.1406825242637,0.0,36.11118422513942,-115.140688999872,0.0,36.11111247782628,-115.1406726690481,0.0,36.11103283540207,-115.140668453828,0.0,36.11093099533652,-115.1406358053982,0.0,1
14_A_Missed.xml,36.11116938036712,-115.1419114770853,0.0,36.11118463940849,-115.1417895097708,0.0,36.11119357549172,-115.1417085494616,0.0,36.11119741309911,-115.141564833069,0.0,36.11110550241371,-115.1413155391089,0.0,36.11120381945685,-115.141243745115,0.0,36.11121023928926,-115.141131324703,0.0,36.11121023909361,-115.1410409961107,0.0,36.11122182835149,-115.1408611523525,0.0,36.11110412060168,-115.1408430286718,0.0,36.11098721161165,-115.1408598934896,0.0,36.11087126249464,-115.1408230015161,0.0,36.11077302453969,-115.1408536469367,0.0,36.11067910416692,-115.1408702595306,0.0,36.11057073412719,-115.1409166080886,0.0,36.11048809890801,-115.140971537846,0.0,36.11037393805891,-115.1410525045607,0.0,36.11024541233983,-115.1410597807514,0.0,36.11016311981619,-115.1411362795532,0.0,36.11014905720455,-115.1412955745552,0.0,0
14_B.xml,36.11084888952402,-115.1384501007184,0.0,36.11080025455642,-115.1384456138535,0.0,36.11075540932425,-115.1384441647525,0.0,36.1107126962066,-115.1384488105343,0.0,36.11068854362026,-115.1385123048273,0.0,36.11067953444488,-115.1385903186096,0.0,36.11067953561862,-115.1386543673652,0.0,36.11067653885826,-115.1387153504313,0.0,36.11066905789308,-115.13878838897,0.0,36.11066457789452,-115.1388400407112,0.0,36.11065712475874,-115.1388975993076,0.0,36.11065266170639,-115.1389536325292,0.0,36.11064672050577,-115.1390170953434,0.0,36.11064227210276,-115.1390729524328,0.0,36.11064079171688,-115.1391486442995,0.0,36.11063931185819,-115.1392152088084,0.0,36.11063931333571,-115.1392970360101,0.0,36.11064375990248,-115.1393702556088,0.0,36.11064969861175,-115.1394771492627,0.0,36.11066608564158,-115.1396557322076,0.0,1
14_B_Missed.xml,36.1097602454964,-115.1391959524044,0.0,36.10979661525051,-115.1392303696471,0.0,36.10984599595603,-115.1392568887711,0.0,36.10988892907864,-115.1392650292678,0.0,36.10993815162912,-115.139273345874,0.0,36.10999824507704,-115.1392794735416,0.0,36.11005957120074,-115.1392919356995,0.0,36.11015127134471,-115.1393157105816,0.0,36.11025977786957,-115.1393168583798,0.0,36.11033458922098,-115.1393239047403,0.0,36.11039920716446,-115.139421122451,0.0,36.11042864205093,-115.139542741051,0.0,36.11045320080185,-115.1396400568219,0.0,36.11048100547844,-115.1397493021257,0.0,36.11048381830727,-115.1398953616997,0.0,36.1104768015005,-115.1400410971693,0.0,36.11046982090473,-115.1401602241417,0.0,36.11046842998587,-115.1402881691467,0.0,36.1104532078207,-115.1404210102238,0.0,36.11044908602355,-115.1405638822702,0.0,0
15_A.xml,36.1106360797699,-115.141200968176,0.0,36.11060995411074,-115.1411954420548,0.0,36.11057326113175,-115.1411881647543,0.0,36.11053633471719,-115.1411771221267,0.0,36.11049006048875,-115.1411531013907,0.0,36.11048962773778,-115.1411039158638,0.0,36.11049643228001,-115.1410433143827,0.0,36.11050087217555,-115.140993422749,0.0,36.11052032240183,-115.1409338172583,0.0,36.11055877287168,-115.1409249935467,0.0,36.11060178360233,-115.1409052062259,0.0,36.11063675707022,-115.1409039766097,0.0,36.11067338831759,-115.1408713253045,0.0,36.11070147482378,-115.1408487911585,0.0,36.11071881413371,-115.1408021482039,0.0,36.11071765636969,-115.1407746243103,0.0,36.11073629277303,-115.1407481797398,0.0,36.11076958743374,-115.1407055055085,0.0,36.11079449038679,-115.1406741601858,0.0,36.11083741307782,-115.1406336451414,0.0,1
15_A_Missed.xml,36.11124234178301,-115.1408372578287,0.0,36.11112797634689,-115.1408408283739,0.0,36.11100380665889,-115.1408518242072,0.0,36.11086463384932,-115.1408418000826,0.0,36.11073974139666,-115.1408621813952,0.0,36.11062228615709,-115.1408967528771,0.0,36.11049679168025,-115.1409211211026,0.0,36.11034422715721,-115.1409196334881,0.0,36.11024797065356,-115.1409352994361,0.0,36.11013339587272,-115.1409231576943,0.0,36.11005882370468,-115.1408883836205,0.0,36.10996593505141,-115.1408674816579,0.0,36.1098592641826,-115.14085670349,0.0,36.10978352430168,-115.1408546053177,0.0,36.10969704983538,-115.1408458039708,0.0,36.1096909492364,-115.1409000449132,0.0,36.10964250260989,-115.1409365419993,0.0,36.10958134709322,-115.1409385273983,0.0,36.10951828902665,-115.1409276357502,0.0,36.10944917123786,-115.1409108014568,0.0,0
15_B.xml,36.11182981208286,-115.139546099138,0.0,36.11177749114258,-115.1395397959774,0.0,36.1117278050065,-115.1395357644707,0.0,36.11167676683266,-115.1395334876488,0.0,36.11160714583745,-115.1395269755336,0.0,36.11155381905063,-115.1395243250745,0.0,36.11149559971725,-115.1395210245605,0.0,36.11144374088427,-115.1395165636461,0.0,36.11139255758817,-115.1395084133588,0.0,36.11132415189935,-115.1395111854506,0.0,36.11126395488592,-115.1395037313816,0.0,36.11120987985305,-115.1394988653096,0.0,36.11115144093436,-115.1395006944192,0.0,36.11109221153926,-115.1394950766787,0.0,36.11103886478934,-115.1394955368166,0.0,36.11098790309764,-115.1394873151914,0.0,36.1109376335889,-115.139480969887,0.0,36.1109311975216,-115.1395224703293,0.0,36.110931198151,-115.1395647832677,0.0,36.11093441572159,-115.1396075578078,0.0,1
15_B_Missed.xml,36.10974426460946,-115.1391947572133,0.0,36.10977531828173,-115.1392023997239,0.0,36.10981968098903,-115.1392152935609,0.0,36.10986180340903,-115.1392214646396,0.0,36.10991482153971,-115.1392246060177,0.0,36.1099626527475,-115.1392288348913,0.0,36.11001353668392,-115.1392370417581,0.0,36.11006891387454,-115.1392418481993,0.0,36.11012308288495,-115.1392480224731,0.0,36.11019505185041,-115.1392578394404,0.0,36.11025606437915,-115.1392647384964,0.0,36.11031281152293,-115.1392575792823,0.0,36.11037193515189,-115.1392544184996,0.0,36.11039718163588,-115.1392077711591,0.0,36.11040921552347,-115.1391572784238,0.0,36.11042287317567,-115.1390946867624,0.0,36.1104397408936,-115.1390489961348,0.0,36.11047091209151,-115.138994739529,0.0,36.11047406461062,-115.1389337676956,0.0,36.11047880628666,-115.1388636127427,0.0,0
16_A.xml,36.10969859995617,-115.1408629810931,0.0,36.10974622479317,-115.1408591678489,0.0,36.10982786232212,-115.1408424280774,0.0,36.10993089758919,-115.1408626305474,0.0,36.10999504658695,-115.140873907842,0.0,36.1100858711068,-115.1409036174848,0.0,36.11015342909928,-115.140937236812,0.0,36.11022391826049,-115.140940491314,0.0,36.11029806851887,-115.1409299306889,0.0,36.11035493587097,-115.1409187360515,0.0,36.11042602364677,-115.1409206198051,0.0,36.11050861132889,-115.1409059175267,0.0,36.11056774506952,-115.1408921799149,0.0,36.11064087331524,-115.14088189852,0.0,36.11068845574969,-115.140870765823,0.0,36.11069278330039,-115.1408245412527,0.0,36.11069954498598,-115.140767961346,0.0,36.11071131459477,-115.1407150529584,0.0,36.11071748878235,-115.1406670881902,0.0,36.11071410289212,-115.1406184408869,0.0,1
16_A_Missed.xml,36.11123952812358,-115.1408370681506,0.0,36.11113206004243,-115.1408423214812,0.0,36.11104443435768,-115.1408469684612,0.0,36.11094364406495,-115.1408522058519,0.0,36.11086173547938,-115.1408397768868,0.0,36.11077726365087,-115.1408673796168,0.0,36.11069242130884,-115.1408816643241,0.0,36.11061120099273,-115.1409083330591,0.0,36.11051039535065,-115.1408869769473,0.0,36.11047796087662,-115.1408099240693,0.0,36.11044012505677,-115.1407349871577,0.0,36.11032316966141,-115.1407543547673,0.0,36.11024164029045,-115.1407803266109,0.0,36.11016348809229,-115.1408098942334,0.0,36.11010239686243,-115.1408542317521,0.0,36.11003882455767,-115.1408858926825,0.0,36.10995785899423,-115.1408727263782,0.0,36.10987037848284,-115.1408664649121,0.0,36.10976415737244,-115.1408486150835,0.0,36.1096980784878,-115.1407133925198,0.0,0
16_B.xml,36.11189100962341,-115.1390331909471,0.0,36.11190542395672,-115.1391318711173,0.0,36.11190542534263,-115.1392077523562,0.0,36.11191161935556,-115.1393081578115,0.0,36.11190749206141,-115.1394076519379,0.0,36.1118828048756,-115.139504688523,0.0,36.11175953388752,-115.1395101666459,0.0,36.11168262273932,-115.1395089331514,0.0,36.11163600807939,-115.1395092260037,0.0,36.11157658592327,-115.1395021672769,0.0,36.11151616006546,-115.139494989346,0.0,36.11146218323565,-115.1394942489737,0.0,36.11140711283572,-115.1394857903567,0.0,36.11135640416048,-115.1394872028001,0.0,36.11130457296394,-115.1394846765146,0.0,36.11124642728417,-115.1394758192265,0.0,36.11117711154797,-115.1394711130473,0.0,36.11110061565144,-115.1394708796738,0.0,36.11094892454515,-115.1394523512465,0.0,36.11093602511892,-115.1395989678264,0.0,1
16_B_Missed.xml,36.10954470832343,-115.1390883148619,0.0,36.10957124575352,-115.1390908187342,0.0,36.10959926588079,-115.1391007136964,0.0,36.10962967257453,-115.1391055412455,0.0,36.10966515441577,-115.1391061371828,0.0,36.10970356842795,-115.1391111334368,0.0,36.10974066571807,-115.1391208074346,0.0,36.10976885454657,-115.1391500901469,0.0,36.10979398757806,-115.1391800414266,0.0,36.10983810711934,-115.1392007531163,0.0,36.10987081295891,-115.1392075893832,0.0,36.1099054763603,-115.1392194565076,0.0,36.10993478948381,-115.1392289914666,0.0,36.10996156942933,-115.1392349376727,0.0,36.10999671571725,-115.1392425919888,0.0,36.11003402237662,-115.1392467247987,0.0,36.11006185920901,-115.1392402769118,0.0,36.11009391251623,-115.1392247612973,0.0,36.11011206717572,-115.1391980127274,0.0,36.11012677407241,-115.1391721490333,0.0,0
17_A.xml,36.11060813267463,-115.1411924839383,0.0,36.11058525561092,-115.1411942069355,0.0,36.11055769939695,-115.1411911920434,0.0,36.1105178827429,-115.1411761168649,0.0,36.11048990159097,-115.1411511987997,0.0,36.11048139870606,-115.1411114567834,0.0,36.11048151714397,-115.1410688937295,0.0,36.11048163835891,-115.141025325692,0.0,36.11048582093867,-115.140980199446,0.0,36.11050136316743,-115.1409511160857,0.0,36.11051742371429,-115.1408937687886,0.0,36.11051692139377,-115.1408310675931,0.0,36.11053441127385,-115.140766181281,0.0,36.1105624501976,-115.1407365428636,0.0,36.11059697043529,-115.14071326652,0.0,36.1106222206995,-115.1406953968255,0.0,36.11064996966056,-115.1406810061555,0.0,36.11067864227029,-115.1406633238245,0.0,36.11069901576411,-115.1406490939907,0.0,36.11070143407223,-115.1406169630313,0.0,1
17_A_Missed.xml,36.11122821394023,-115.1409473539227,0.0,36.11120791731766,-115.1408385207274,0.0,36.11105529347891,-115.1408436619756,0.0,36.11092882870469,-115.1408464240939,0.0,36.11081620346923,-115.1408395169682,0.0,36.11070443877654,-115.14087034971,0.0,36.11061120090517,-115.1408896575016,0.0,36.11050465298403,-115.1408289851557,0.0,36.110458999511,-115.1407346753544,0.0,36.11033233035725,-115.1407090808477,0.0,36.11026141789485,-115.1406569937131,0.0,36.110216607179,-115.1405820383464,0.0,36.11017405460383,-115.1405139292368,0.0,36.11008166490329,-115.1404785910815,0.0,36.11000319375201,-115.140417809901,0.0,36.10992958127638,-115.14038890042,0.0,36.1098427330336,-115.1403616927195,0.0,36.10975306202803,-115.1403348666284,0.0,36.10971997444052,-115.1402201383905,0.0,36.10961022125441,-115.1401307176457,0.0,0
17_B.xml,36.10973570934276,-115.1391992331484,0.0,36.10976368429789,-115.1392175126109,0.0,36.10979054609354,-115.1392373713183,0.0,36.10982578981302,-115.1392439502379,0.0,36.10984903408715,-115.1392472243759,0.0,36.10988766903125,-115.1392510285353,0.0,36.10996201710088,-115.1392581717244,0.0,36.11002642632705,-115.1392671979738,0.0,36.11010089221342,-115.1392387847754,0.0,36.11016793342392,-115.139259746055,0.0,36.11024854984947,-115.1392966019191,0.0,36.11031061413117,-115.1393139818594,0.0,36.11036421834034,-115.139349582105,0.0,36.1103897198136,-115.1394042721122,0.0,36.11039932961951,-115.1394708782346,0.0,36.11043154262261,-115.1395414900613,0.0,36.11049682292337,-115.1395704069851,0.0,36.11057333975722,-115.1395907829729,0.0,36.11063091589237,-115.1396061941403,0.0,36.11066519921442,-115.1396577640731,0.0,1
18_A.xml,36.11064705155805,-115.1411167821688,0.0,36.11065864110097,-115.1410720508532,0.0,36.11066026516362,-115.1410423668286,0.0,36.11064116786486,-115.1410112224136,0.0,36.11062163608744,-115.1409802256425,0.0,36.11062555441396,-115.1409568684439,0.0,36.11064343867083,-115.1409269549018,0.0,36.11065740730298,-115.1409082872809,0.0,36.11067321746069,-115.1408859085574,0.0,36.11068615822044,-115.140865720852,0.0,36.1106912139956,-115.1408379940306,0.0,36.11069279674352,-115.1408153171678,0.0,36.11069461059236,-115.1407901337512,0.0,36.11069838877726,-115.1407699894305,0.0,36.1107022103572,-115.1407432643219,0.0,36.11070740216745,-115.1407091012726,0.0,36.11071006590908,-115.1406818384731,0.0,36.1107147088314,-115.1406634667713,0.0,36.1107161191849,-115.1406427140264,0.0,36.11071801784736,-115.1406168988803,0.0,1
18_A_Missed.xml,36.11064141269713,-115.1411726426151,0.0,36.11058436494859,-115.1411821082312,0.0,36.11052594636065,-115.1411763116772,0.0,36.11048897396455,-115.1411165939769,0.0,36.11044752932958,-115.1410649777234,0.0,36.11038840731744,-115.141040621981,0.0,36.11033300140253,-115.1410633894027,0.0,36.11024749361754,-115.1410523866952,0.0,36.11018832343071,-115.1410672564372,0.0,36.11017375012116,-115.1411624543779,0.0,36.1101614861506,-115.1412798355113,0.0,36.1100989045279,-115.1413374109432,0.0,36.11003790290611,-115.1413717365482,0.0,36.10999496832703,-115.14141349588,0.0,36.10995279948934,-115.141460457,0.0,36.10986674636717,-115.1415439315546,0.0,36.1098258587496,-115.1415986631037,0.0,36.10973785869029,-115.1415984436134,0.0,36.1097138608373,-115.1416067456045,0.0,36.10964082702045,-115.1416039639792,0.0,0
18_B.xml,36.11129999597586,-115.1390886376113,0.0,36.11126314256316,-115.1390836680531,0.0,36.11121413396893,-115.1390778816447,0.0,36.11117068141085,-115.1390725326595,0.0,36.11112028239006,-115.1390690161961,0.0,36.11107424651332,-115.1390646810684,0.0,36.11102384142887,-115.1390633976077,0.0,36.11096732840502,-115.1390594402448,0.0,36.11090121035261,-115.1390569686409,0.0,36.11084000340457,-115.1390526515436,0.0,36.11076921754819,-115.1390424304727,0.0,36.11072364800636,-115.1390889112659,0.0,36.11070078506455,-115.1391559455238,0.0,36.11068809360155,-115.1391967244202,0.0,36.11067727846799,-115.1392425746816,0.0,36.1106683102067,-115.1392945369316,0.0,36.11066562849895,-115.1393777675727,0.0,36.11066384315556,-115.1394671574057,0.0,36.11066473768878,-115.1395671929937,0.0,36.11067100201513,-115.1396644070965,0.0,1
19_A.xml,36.11045560376277,-115.1412681506373,0.0,36.11045826345263,-115.1412458119855,0.0,36.11046196070798,-115.1412217519143,0.0,36.11046447911359,-115.1411944371505,0.0,36.11046986814871,-115.141158010214,0.0,36.11047498091592,-115.1411236720723,0.0,36.11047618772716,-115.1410885915352,0.0,36.11048202529442,-115.1410581773419,0.0,36.11048298047197,-115.1410225892949,0.0,36.1104928634193,-115.1409770314296,0.0,36.1105093769618,-115.1409555034788,0.0,36.11053428471495,-115.1409354663282,0.0,36.1105667348787,-115.1409183594883,0.0,36.11061026731524,-115.1408985274895,0.0,36.11064390829499,-115.1408839849536,0.0,36.11069122740216,-115.1408409617145,0.0,36.11069716413981,-115.1407952380177,0.0,36.11070671913742,-115.1407319361757,0.0,36.11071331800722,-115.1406839323817,0.0,36.11071578773189,-115.1406199876457,0.0,1
19_A_Missed.xml,36.11070220657439,-115.1410309010348,0.0,36.11066593067179,-115.1409698652547,0.0,36.11061925660883,-115.1409374707593,0.0,36.11053100553503,-115.1409234553707,0.0,36.11044468225656,-115.1409191480135,0.0,36.11034355117833,-115.1409155866711,0.0,36.1102612528073,-115.1409261543771,0.0,36.1101743198728,-115.1409287488136,0.0,36.11007381789126,-115.1408996399912,0.0,36.10997897661552,-115.1408644343151,0.0,36.10989389064866,-115.1408638042454,0.0,36.10982954522768,-115.1408593159172,0.0,36.10975637441137,-115.1408576416009,0.0,36.10968050262964,-115.1408149887443,0.0,36.10968745970372,-115.140708452627,0.0,36.10969303516254,-115.1406050569547,0.0,36.10969722243324,-115.1405048704724,0.0,36.10970421237839,-115.1404147975062,0.0,36.10970141424951,-115.1403092769253,0.0,36.10970561121407,-115.1402002831615,0.0,0
19_B.xml,36.11188243439454,-115.1401723728902,0.0,36.11187736050184,-115.1400387915249,0.0,36.11187229133304,-115.1398827946789,0.0,36.11183190438958,-115.1395731437624,0.0,36.11167571963351,-115.1395522644105,0.0,36.11161738482974,-115.1395463298482,0.0,36.11155011856422,-115.1395394866894,0.0,36.11149076674793,-115.1395407011006,0.0,36.11142740317655,-115.1395318086483,0.0,36.11137171130743,-115.1395213370256,0.0,36.11131203756794,-115.1395176431153,0.0,36.11125078211408,-115.1395137604372,0.0,36.11120810538222,-115.1395070463984,0.0,36.11115691110724,-115.1395018267576,0.0,36.11111280464802,-115.1394949983739,0.0,36.11106254743056,-115.1394875657659,0.0,36.11101493447173,-115.1394873512578,0.0,36.11096136584162,-115.1394887805365,0.0,36.11094009628069,-115.1395232715558,0.0,36.11093797402008,-115.1395849206555,0.0,1
1_A.xml,36.1097010826729,-115.1406663579576,0.0,36.10969846660919,-115.1407580898186,0.0,36.10969585514307,-115.1408463731499,0.0,36.10975574112296,-115.1408602008056,0.0,36.10981669319072,-115.1408674706413,0.0,36.10987722138916,-115.1408674753771,0.0,36.10994784625165,-115.1408707506835,0.0,36.1100314059379,-115.1408796876884,0.0,36.1100923713379,-115.140891413207,0.0,36.11018197650623,-115.1409411824168,0.0,36.11025239217784,-115.1409436737462,0.0,36.11030855232159,-115.1409270388397,0.0,36.1103862900861,-115.1409337502955,0.0,36.11044890919126,-115.1409104886666,0.0,36.1104654204741,-115.1408057191094,0.0,36.1104967787846,-115.14067881154,0.0,36.11053942069004,-115.1406287802283,0.0,36.11055892762892,-115.1405415459181,0.0,36.11057423865544,-115.1405171400255,0.0,36.11061866919417,-115.1405159550654,0.0,1
1_A_Box_Missed.xml,36.11142743909597,-115.1411618178682,0.0,36.11138055380748,-115.1410913994014,0.0,36.11134662189568,-115.141023091917,0.0,36.11130767616623,-115.1409672827236,0.0,36.11126560494385,-115.140922298306,0.0,36.11122396008329,-115.1408689547354,0.0,36.11112167248503,-115.1408423904104,0.0,36.11104001745262,-115.1408473220517,0.0,36.11097782157483,-115.1408623152751,0.0,36.11088632194367,-115.1408404269513,0.0,36.11078607031927,-115.1408531247958,0.0,36.11071406626228,-115.1408844836147,0.0,36.11059306938903,-115.1408970938019,0.0,36.11049726759737,-115.1408521069513,0.0,36.11050443952537,-115.140732206681,0.0,36.11054195947374,-115.1406285484888,0.0,36.11055649014453,-115.1404303554035,0.0,36.11056669510711,-115.1402880818877,0.0,36.11056231694329,-115.1401421648114,0.0,36.11060336968215,-115.1399450603102,0.0,0
1_A_Missed.xml,36.10964044850949,-115.1409454520928,0.0,36.10967588405857,-115.1408934601999,0.0,36.10971035826778,-115.1408700649128,0.0,36.10976177924393,-115.140860062512,0.0,36.10982152438753,-115.1408601338911,0.0,36.10987080929289,-115.1408621570113,0.0,36.10993436049677,-115.140873916784,0.0,36.10999607027711,-115.1408904591239,0.0,36.11008677435618,-115.1409072542203,0.0,36.11017384361086,-115.1409371680017,0.0,36.11023517505014,-115.1409377349191,0.0,36.11030765570357,-115.1409329243835,0.0,36.11039572431761,-115.140926086209,0.0,36.11046456010228,-115.1409229717107,0.0,36.11054295224337,-115.1409211730147,0.0,36.11061107718338,-115.1409228772388,0.0,36.11064084036867,-115.1409440479404,0.0,36.11066036498357,-115.1409830713834,0.0,36.11068371459137,-115.1410250421988,0.0,36.11071286980518,-115.1410554759141,0.0,0
1_B.xml,36.10959673119084,-115.1390905496962,0.0,36.10964699976179,-115.1390917682244,0.0,36.10968800961032,-115.1390930590043,0.0,36.1097333185367,-115.1391127135453,0.0,36.10977538492791,-115.1391526501694,0.0,36.1098179709108,-115.1391961791668,0.0,36.1098716185605,-115.139201377956,0.0,36.10994894299571,-115.1392163800717,0.0,36.11002111226583,-115.1392332143651,0.0,36.11010179756053,-115.1392440618057,0.0,36.11017857473235,-115.1392599486009,0.0,36.11024235137307,-115.1392693085792,0.0,36.11030576485859,-115.1392953885814,0.0,36.11033713340255,-115.1393493843608,0.0,36.11037937217919,-115.1393791026206,0.0,36.11041902440572,-115.1393905241661,0.0,36.11048241245964,-115.1394453535794,0.0,36.11054370555699,-115.1394975360515,0.0,36.11061405423289,-115.1395665519901,0.0,36.11066766965016,-115.1396617646015,0.0,1
1_B_Box_Missed.xml,36.109570401823,-115.1390896761746,0.0,36.1096289432751,-115.1390967925283,0.0,36.1096820167356,-115.139100470004,0.0,36.10974022259575,-115.139111521912,0.0,36.10978505772859,-115.13917022712,0.0,36.10985063649144,-115.139208093287,0.0,36.10992971897296,-115.1392156118336,0.0,36.11003745470909,-115.1392283575758,0.0,36.11010768805642,-115.1392325317412,0.0,36.11018545130158,-115.1392522126847,0.0,36.11025415331326,-115.1392605832791,0.0,36.110298145593,-115.1392715154657,0.0,36.11032879778829,-115.1393163472464,0.0,36.11035446490886,-115.1393852215566,0.0,36.11039922151475,-115.1393907649114,0.0,36.11041133048064,-115.1394662251267,0.0,36.11043562294056,-115.1395757659109,0.0,36.11054264514693,-115.1395845487884,0.0,36.11058350406262,-115.1396615305521,0.0,36.11060135754605,-115.1398476843377,0.0,0
1_B_Missed.xml,36.10960699029553,-115.139093061665,0.0,36.10964105852109,-115.1390930774117,0.0,36.10969287665169,-115.1391005721457,0.0,36.10974051581231,-115.1391066738135,0.0,36.10977608833334,-115.1391325077472,0.0,36.10981077517782,-115.1391768925565,0.0,36.10986681180137,-115.1391884106733,0.0,36.1099225103388,-115.1391985621974,0.0,36.10997510658949,-115.1392072557605,0.0,36.11003133336597,-115.1392271738034,0.0,36.11009840815082,-115.1392333495647,0.0,36.11014818856248,-115.1392456501324,0.0,36.11020454696231,-115.1392598995322,0.0,36.11024707528151,-115.1392577171002,0.0,36.11029014449196,-115.1392555069285,0.0,36.11033225163663,-115.1392614714335,0.0,36.11038101561482,-115.1392626891657,0.0,36.11040720449309,-115.1392533483644,0.0,36.11043203486832,-115.1392388867284,0.0,36.11045234083387,-115.1392225541588,0.0,0
20_A.xml,36.11045376235416,-115.1412641246111,0.0,36.11045412372019,-115.1412437351406,0.0,36.11046021165656,-115.1412122956238,0.0,36.11046228326236,-115.1411743198835,0.0,36.1104651667145,-115.1411312018521,0.0,36.11047106311035,-115.1410919686768,0.0,36.11047088834263,-115.1410399481578,0.0,36.11047137775373,-115.1410027997718,0.0,36.11047335680998,-115.1409618854269,0.0,36.11047722844301,-115.1409179361345,0.0,36.11047924389291,-115.1408790300638,0.0,36.11048871474441,-115.1408361564746,0.0,36.11049500901554,-115.140794787375,0.0,36.11051063490966,-115.1407549507193,0.0,36.11052080972016,-115.1407178146348,0.0,36.11053717974376,-115.1406779436654,0.0,36.11055310707194,-115.1406112920614,0.0,36.11055987577205,-115.1405626238254,0.0,36.11056830146862,-115.1405215953123,0.0,36.11062618686913,-115.1405119480839,0.0,1
20_A_Missed.xml,36.11062118471614,-115.1405198573585,0.0,36.11058050381095,-115.1405123328026,0.0,36.11055362256961,-115.1405188186276,0.0,36.11055511144086,-115.1405942240681,0.0,36.11053432697208,-115.1406873781135,0.0,36.1104960269624,-115.1407392884026,0.0,36.11048139963747,-115.1408514023022,0.0,36.11047702271964,-115.1409319413204,0.0,36.11046392189333,-115.1410549186372,0.0,36.11038768672283,-115.1410557192622,0.0,36.11032976716534,-115.1410524909355,0.0,36.11024387803889,-115.1410468612897,0.0,36.1101841296512,-115.1410681109844,0.0,36.11015996911825,-115.1411996612816,0.0,36.11014661633805,-115.1412966342073,0.0,36.11008975881771,-115.1413619206853,0.0,36.11001961858137,-115.1413959940859,0.0,36.10995715707448,-115.1414668638566,0.0,36.10988463722701,-115.1415295899047,0.0,36.10979185704615,-115.1416008014398,0.0,0
20_B.xml,36.10977198098442,-115.1392485564737,0.0,36.1098258752892,-115.1392553270008,0.0,36.10987116655327,-115.1392664839909,0.0,36.10992285198211,-115.1392757714292,0.0,36.10997109345763,-115.1392823135474,0.0,36.11002837191153,-115.1392896592884,0.0,36.1100857798494,-115.1393062472515,0.0,36.11013965040811,-115.139324110086,0.0,36.11018602440561,-115.1393108395783,0.0,36.11024453475594,-115.1392996056931,0.0,36.11030050163318,-115.1393041940645,0.0,36.11034456146726,-115.1393312005337,0.0,36.11037213721737,-115.1393833731312,0.0,36.11039466664043,-115.1394480215847,0.0,36.11042141146699,-115.13953043099,0.0,36.11047843605949,-115.1395570911396,0.0,36.11055351472412,-115.1395936211455,0.0,36.11059181969452,-115.1397208955052,0.0,36.11059467761382,-115.1397861108159,0.0,36.11065537233774,-115.139813446067,0.0,1
21_A.xml,36.10960241114243,-115.1415552625954,0.0,36.10970529152873,-115.1415469057187,0.0,36.10981163402263,-115.141526824154,0.0,36.11002211574787,-115.1414859167013,0.0,36.11002577066701,-115.1414050873809,0.0,36.11007692314298,-115.1413398354388,0.0,36.11012085936175,-115.1412695087312,0.0,36.11014221461393,-115.1411747422431,0.0,36.11014993039836,-115.1410479878883,0.0,36.11023354107461,-115.1410257917714,0.0,36.11033046028913,-115.14102339819,0.0,36.11042297533927,-115.1410254154049,0.0,36.11048998302405,-115.1410083408669,0.0,36.11053994137272,-115.1409369300316,0.0,36.11060033030388,-115.1409148738238,0.0,36.11066634455838,-115.1408862274797,0.0,36.11069599173713,-115.140822343165,0.0,36.11069861409786,-115.1407608178835,0.0,36.11071185031399,-115.1406871912215,0.0,36.11071258462208,-115.1406192349734,0.0,1
21_A_Missed.xml,36.1106240912197,-115.1405329269097,0.0,36.11062536257591,-115.1405805578354,0.0,36.11062028208874,-115.1406317605573,0.0,36.1105862218745,-115.1406626708269,0.0,36.11052789189799,-115.1407015606468,0.0,36.11049735158412,-115.1407371245573,0.0,36.11045156133405,-115.1407468748701,0.0,36.11037844215836,-115.140735217746,0.0,36.11031858935073,-115.1407533351817,0.0,36.11024337775884,-115.1407805628576,0.0,36.11018643214732,-115.1407990066763,0.0,36.11013281291702,-115.1408235346897,0.0,36.11007611602232,-115.1408727995578,0.0,36.10999233828332,-115.140873299515,0.0,36.10992196543608,-115.1408729350477,0.0,36.10984402598926,-115.1408630018145,0.0,36.10979983293118,-115.1408637720925,0.0,36.10973976161903,-115.1408512936871,0.0,36.10970059137374,-115.1407516707376,0.0,36.10970615500606,-115.140625159743,0.0,0
21_B.xml,36.10960497930681,-115.139092902637,0.0,36.10965373682588,-115.1391005813456,0.0,36.10971255974629,-115.1391070477832,0.0,36.10975290503026,-115.1391352571751,0.0,36.10978798115007,-115.1391882807883,0.0,36.10986680435283,-115.1392030527775,0.0,36.10993428755639,-115.1392249942103,0.0,36.11001240090465,-115.1392406223576,0.0,36.11009539898967,-115.1392467193144,0.0,36.11018090724284,-115.139260284605,0.0,36.11026904145132,-115.1392683498789,0.0,36.11034553768464,-115.1392642982181,0.0,36.11043884161636,-115.139237650175,0.0,36.11053055835824,-115.1392332617931,0.0,36.11059068134865,-115.1392343766054,0.0,36.11063774328632,-115.1392840040106,0.0,36.11068392551955,-115.1393961357028,0.0,36.11077508379281,-115.1394419603455,0.0,36.11086384533078,-115.1394643987958,0.0,36.11092903116189,-115.1395913910692,0.0,1
22_A.xml,36.10972088249133,-115.1390971570363,0.0,36.10977294595705,-115.139163446163,0.0,36.10985969102006,-115.1392125173407,0.0,36.10997011888592,-115.1392315002354,0.0,36.11008258169429,-115.1392413791349,0.0,36.11018850633314,-115.1392530153918,0.0,36.11030191211641,-115.1392750275415,0.0,36.11037792246372,-115.1393838461177,0.0,36.11044778552501,-115.139518132614,0.0,36.11049248169793,-115.1396462463972,0.0,36.11048164770783,-115.1397507602029,0.0,36.11047855915601,-115.1399100181822,0.0,36.11047392968565,-115.1400435241882,0.0,36.11047701753049,-115.1401643478123,0.0,36.11047084751915,-115.1402465872129,0.0,36.11046622661503,-115.1403357134613,0.0,36.11046007361772,-115.140427862847,0.0,36.11049248996029,-115.140452010797,0.0,36.11053769955785,-115.1404973311593,0.0,36.11059932501374,-115.1405270830483,0.0,1
22_A_Missed.xml,36.11068704324347,-115.1406167156035,0.0,36.11066807568769,-115.1406468970863,0.0,36.11065548533346,-115.1406524584108,0.0,36.11061952964066,-115.1406442468148,0.0,36.1105900947505,-115.1406333512396,0.0,36.11056702568786,-115.1406329729753,0.0,36.11053801647711,-115.1406304163617,0.0,36.11051225920841,-115.140634694201,0.0,36.11051075004826,-115.1406738381791,0.0,36.1105152802189,-115.1407168453403,0.0,36.11051376978552,-115.1407576258771,0.0,36.11051226001202,-115.1408032999858,0.0,36.11050773405852,-115.1408420514356,0.0,36.11050471999074,-115.1408760344874,0.0,36.11052132998929,-115.1408928306699,0.0,36.11055325645538,-115.1409017664566,0.0,36.11058547043292,-115.1409091289426,0.0,36.11061176168694,-115.1409224094528,0.0,36.11063668279064,-115.1409455793041,0.0,36.11066177679902,-115.1409923088463,0.0,0
22_B.xml,36.10978635837756,-115.1392460696926,0.0,36.1098423819714,-115.1392589936881,0.0,36.10989390171754,-115.1392701198431,0.0,36.10994968574084,-115.1392803992668,0.0,36.11001674307852,-115.1392893874146,0.0,36.11010669023395,-115.1393113732086,0.0,36.11019132840961,-115.1392975327892,0.0,36.11026079563081,-115.1392927575241,0.0,36.11034357681711,-115.1393109846565,0.0,36.11038605023702,-115.139379526915,0.0,36.1104284899776,-115.1394618591061,0.0,36.11046873326885,-115.1395266995672,0.0,36.11051661362527,-115.1395578930638,0.0,36.11058162591412,-115.1396113147815,0.0,36.11058907495808,-115.1396712780474,0.0,36.11059606082964,-115.139767248689,0.0,36.1105821936312,-115.139856943293,0.0,36.11058202939747,-115.1399425728058,0.0,36.11060863356235,-115.1399856901258,0.0,36.11065461531887,-115.1399931621639,0.0,1
23_A.xml,36.10974999554224,-115.1391848327167,0.0,36.10980377876854,-115.1392148460564,0.0,36.1098780840566,-115.1392456785452,0.0,36.10995798240974,-115.1392740790803,0.0,36.11006729601405,-115.1392957844289,0.0,36.11016281135593,-115.139316052907,0.0,36.11024769603832,-115.1393051712471,0.0,36.11033302963764,-115.1393706155919,0.0,36.11038998322532,-115.139454733698,0.0,36.11045238554097,-115.1395200626009,0.0,36.11051268273075,-115.1395624040033,0.0,36.11056917321684,-115.1396068256968,0.0,36.11057866780948,-115.1396727225323,0.0,36.11058183837863,-115.139752031544,0.0,36.11057550242148,-115.1398288263664,0.0,36.11057233900944,-115.1399401587352,0.0,36.1105723402368,-115.1400552111848,0.0,36.11056917941192,-115.1401767084242,0.0,36.11056602127861,-115.1403204150212,0.0,36.11063611917633,-115.1403812894492,0.0,1
23_A_Missed.xml,36.10975600182955,-115.139189613206,0.0,36.10980833491978,-115.1392245024093,0.0,36.10988211648122,-115.1392619711295,0.0,36.10996660355638,-115.1392711510136,0.0,36.11006140741105,-115.1392980220387,0.0,36.11019020542806,-115.1393078458589,0.0,36.11030530837859,-115.1393055281701,0.0,36.11037742930517,-115.1393999723091,0.0,36.11043085386694,-115.1395259779676,0.0,36.11049116859319,-115.139633182195,0.0,36.11048226973884,-115.1397970223524,0.0,36.11048079062358,-115.1399521734005,0.0,36.11047192139998,-115.1400907086413,0.0,36.11046749694699,-115.1402081612584,0.0,36.11046160725569,-115.140337419138,0.0,36.11045719770131,-115.1404621563059,0.0,36.11045279484594,-115.1406188602447,0.0,36.11047340612848,-115.1407928585101,0.0,36.11055421904614,-115.1408864536321,0.0,36.110655928519,-115.1409627773204,0.0,0
24_A.xml,36.10976145282655,-115.1392188677791,0.0,36.10983487893713,-115.1392557883735,0.0,36.10989260155561,-115.1392710674025,0.0,36.10996067615074,-115.139285232516,0.0,36.11004931115868,-115.1393017573595,0.0,36.11014861130624,-115.1393124181172,0.0,36.11023752500778,-115.1393049139807,0.0,36.11034345795668,-115.1393692974273,0.0,36.11040208087608,-115.1394619888297,0.0,36.1104893818089,-115.1395508781086,0.0,36.11057550069411,-115.1396742170723,0.0,36.11058183901024,-115.1398087668612,0.0,36.11057867012415,-115.1398806690495,0.0,36.11057708668032,-115.1399217532744,0.0,36.11057708707005,-115.1399578360425,0.0,36.11057708747553,-115.1399956370314,0.0,36.11057550492275,-115.1400607406803,0.0,36.11057392302932,-115.1401309709992,0.0,36.11058660240519,-115.1401962480649,0.0,36.11064094197557,-115.1402157779241,0.0,1
25_A.xml,36.11183617648963,-115.1408055190533,0.0,36.11174828062259,-115.1407959812107,0.0,36.11168426575334,-115.1407901890265,0.0,36.11163060583648,-115.1407884047639,0.0,36.11156887152121,-115.1407873513977,0.0,36.11149955253731,-115.140780996164,0.0,36.11145897243311,-115.1407787700411,0.0,36.11140331809433,-115.1407677304793,0.0,36.11135282080013,-115.1407660749247,0.0,36.11130588201117,-115.1407676130904,0.0,36.11126235733653,-115.1407664856815,0.0,36.1112194520883,-115.1407639374636,0.0,36.11117452932154,-115.1407668844425,0.0,36.11113803718033,-115.1407606080134,0.0,36.11110455069681,-115.1407518287247,0.0,36.111065117546,-115.1407467664081,0.0,36.11100633186502,-115.1407413205971,0.0,36.11087800480316,-115.1407321424056,0.0,36.11087800466041,-115.1406901415419,0.0,36.11087091109965,-115.1406475857833,0.0,1
2_A.xml,36.10971371216225,-115.1403417877056,0.0,36.1097709656189,-115.1403479828257,0.0,36.10981734073516,-115.1403622501028,0.0,36.10986800325,-115.1403799518858,0.0,36.10992341146087,-115.1404196170206,0.0,36.10996433509506,-115.14045729841,0.0,36.11000673413373,-115.1404789021035,0.0,36.11007462029941,-115.1404987259721,0.0,36.11013937808053,-115.140503775697,0.0,36.1101942798371,-115.1405472277508,0.0,36.11024853881315,-115.1406322701337,0.0,36.11031317946687,-115.1407025345252,0.0,36.11036587632512,-115.14072195434,0.0,36.11044001313444,-115.1407245546021,0.0,36.11045424869442,-115.140666297143,0.0,36.11045783000184,-115.1406201273679,0.0,36.11051638392021,-115.1406318636584,0.0,36.11055998040516,-115.1406439000246,0.0,36.11056769637086,-115.1405730447436,0.0,36.11061285910412,-115.1405188473478,0.0,1
2_A_Box_Missed.xml,36.10968281967403,-115.1409526399149,0.0,36.10968865594664,-115.1408881764424,0.0,36.1097606849772,-115.1408665735425,0.0,36.10983305437565,-115.1408636174358,0.0,36.10990200342066,-115.1408734699391,0.0,36.10995842001117,-115.1408803194264,0.0,36.11001062642612,-115.1408820985332,0.0,36.11006492038082,-115.1408687462874,0.0,36.11013463969588,-115.1408197502206,0.0,36.1102016793719,-115.1408021481354,0.0,36.11026722732296,-115.1407776292584,0.0,36.11032696372556,-115.1407567399566,0.0,36.11039195908224,-115.1407279016858,0.0,36.11045666136852,-115.140691956832,0.0,36.1105284089388,-115.1406248714137,0.0,36.11054618917255,-115.1405167056927,0.0,36.11055362189244,-115.140407512974,0.0,36.11057002560985,-115.1402311651028,0.0,36.11057750465203,-115.1400605942372,0.0,36.11059852684009,-115.1399371859139,0.0,0
2_A_Missed.xml,36.10970464351194,-115.140733334878,0.0,36.10970163359195,-115.1407854386489,0.0,36.10969862984853,-115.1408411657839,0.0,36.10974124991275,-115.1408567097364,0.0,36.10981404998068,-115.1408777189696,0.0,36.10989908421438,-115.140870828895,0.0,36.10998180042402,-115.1408689839439,0.0,36.11006143232164,-115.1408810037367,0.0,36.11011742151616,-115.1409143226762,0.0,36.11017130169431,-115.1409483311806,0.0,36.11023325444985,-115.1410019145761,0.0,36.11030846771659,-115.1410116698379,0.0,36.11036197227178,-115.1410186094769,0.0,36.11042414564541,-115.1410196796104,0.0,36.11045485992467,-115.141051816399,0.0,36.11047642970184,-115.1410925765455,0.0,36.11049581721795,-115.1411429487194,0.0,36.11054769471047,-115.1411897462894,0.0,36.11059076789935,-115.1411994583475,0.0,36.11065064145625,-115.141182363661,0.0,0
2_B.xml,36.10961138182998,-115.1391006792213,0.0,36.10965761213863,-115.1391111465554,0.0,36.1097159850361,-115.1391258376959,0.0,36.10977217517057,-115.1391653290436,0.0,36.10984378827651,-115.1391948452979,0.0,36.10990634264034,-115.1392096135472,0.0,36.1099641177858,-115.1392175657432,0.0,36.1100434682583,-115.1392303413046,0.0,36.11011459542606,-115.1392476001655,0.0,36.11018483446183,-115.139263765353,0.0,36.11025268170504,-115.1392757762619,0.0,36.11031230269559,-115.139305743424,0.0,36.1103631505688,-115.1393570823166,0.0,36.11039321410868,-115.1394325316139,0.0,36.11041487268488,-115.1395097054413,0.0,36.1104352273217,-115.1395583213588,0.0,36.11049116780117,-115.1395684872382,0.0,36.1105678794185,-115.1395912105988,0.0,36.1106108149631,-115.1396337031287,0.0,36.11066532374551,-115.1396745820118,0.0,1
2_B_Box_Missed.xml,36.11125292088606,-115.1390696375053,0.0,36.11118000003417,-115.1390685022219,0.0,36.11111524080233,-115.1390671180552,0.0,36.111023121698,-115.1390593536738,0.0,36.11096725126041,-115.1390596322133,0.0,36.11090169783265,-115.1390584635932,0.0,36.11081672794442,-115.139047151589,0.0,36.11074645687972,-115.1390535978693,0.0,36.11071004317047,-115.139112820301,0.0,36.11068865195669,-115.1391657894765,0.0,36.11068372928423,-115.1392397547024,0.0,36.11068372977198,-115.1392955731084,0.0,36.11068373025302,-115.1393513915099,0.0,36.11068373065127,-115.1393982069491,0.0,36.11067881261382,-115.139445023349,0.0,36.11066899100823,-115.1395007599085,0.0,36.11064126848785,-115.139534671169,0.0,36.11061208575207,-115.1396023328554,0.0,36.11059111789045,-115.1397090156397,0.0,36.1106007856605,-115.1398592486792,0.0,0
2_B_Missed.xml,36.10963775453499,-115.1391056091343,0.0,36.10967692070962,-115.1391093665558,0.0,36.10971293411137,-115.1391173414802,0.0,36.1097554493172,-115.139139020383,0.0,36.1097985124696,-115.139187640067,0.0,36.10985722082999,-115.1392141376071,0.0,36.10990161002063,-115.1392263968525,0.0,36.10993754179012,-115.1392290637058,0.0,36.10998299177832,-115.1392370024415,0.0,36.11004364939203,-115.1392430797428,0.0,36.11009726746587,-115.1392378246354,0.0,36.11014897427974,-115.1392650152073,0.0,36.11018756380511,-115.1392820917335,0.0,36.11024061358098,-115.1392973361342,0.0,36.11030303663141,-115.1393151064437,0.0,36.11033321436256,-115.1393207901599,0.0,36.11037384542601,-115.1393482734583,0.0,36.11040903577112,-115.1393900796114,0.0,36.11043268509827,-115.1394408671602,0.0,36.11046096747388,-115.1394875707346,0.0,0
3_A.xml,36.10965478780977,-115.1401400143579,0.0,36.10970980796824,-115.1401520703293,0.0,36.10971566948865,-115.1402371563476,0.0,36.10971273479345,-115.1403188284275,0.0,36.10971078287145,-115.140407956907,0.0,36.10976787465476,-115.1404682662264,0.0,36.1098216556774,-115.1404803409967,0.0,36.1098884671713,-115.1405132163713,0.0,36.10994369369129,-115.1405705729692,0.0,36.11002592942417,-115.1405725566763,0.0,36.11011417877482,-115.140582276615,0.0,36.11017377751161,-115.1406385815372,0.0,36.11025007857248,-115.1406724777308,0.0,36.11032779548461,-115.1407079723092,0.0,36.11041718205075,-115.1407330956104,0.0,36.11045783000442,-115.1406373951372,0.0,36.11054466871329,-115.1406154563728,0.0,36.11056383332043,-115.1405332923431,0.0,36.11060292408833,-115.1405163301277,0.0,36.11064103164787,-115.1405190011369,0.0,1
3_A_Box_Missed.xml,36.10968515240324,-115.141624107298,0.0,36.10974520530482,-115.1416076271088,0.0,36.10977623540683,-115.1415384417514,0.0,36.10984526636916,-115.1415240335993,0.0,36.10990573677803,-115.1414997240647,0.0,36.10997489009738,-115.1414493357736,0.0,36.11002219174145,-115.1413919250791,0.0,36.11008582555667,-115.1413519702512,0.0,36.11014661615513,-115.1412021401757,0.0,36.11017471442841,-115.1410403213728,0.0,36.11019086953799,-115.1409771204015,0.0,36.1102741241786,-115.140924955524,0.0,36.11036356059583,-115.1409215285419,0.0,36.11043496991615,-115.140878561108,0.0,36.11045376214904,-115.1407643901835,0.0,36.11051512802626,-115.1406433715374,0.0,36.11054767460025,-115.1405020807434,0.0,36.11056405254104,-115.1403113236663,0.0,36.11057002459997,-115.1400835306282,0.0,36.11059702139973,-115.139945435462,0.0,0
3_A_Missed.xml,36.10962631960955,-115.1401337672326,0.0,36.10967549260702,-115.1401395172749,0.0,36.10972417861024,-115.1401662674278,0.0,36.10972988274905,-115.1402299849967,0.0,36.10971849190287,-115.1403018825961,0.0,36.1097606160734,-115.1403409184606,0.0,36.10983173625482,-115.1403679661405,0.0,36.109916228552,-115.1403812426867,0.0,36.10999148862723,-115.1404103775187,0.0,36.11004711575727,-115.1404311977843,0.0,36.11008817607313,-115.1404807202469,0.0,36.11015379794934,-115.1405159189307,0.0,36.1102118126218,-115.1405600651869,0.0,36.11026901088542,-115.1406662351965,0.0,36.11036977521083,-115.1407238048656,0.0,36.11047838097272,-115.1407899842073,0.0,36.11055490851663,-115.140896384032,0.0,36.11068559655372,-115.1409102870904,0.0,36.11080809785442,-115.1408519363,0.0,36.11100861559274,-115.1408622117765,0.0,0
3_B.xml,36.10957131897516,-115.1393589235869,0.0,36.10961903402134,-115.1393610848139,0.0,36.10968551996422,-115.1393681122195,0.0,36.10974910148622,-115.1393425938405,0.0,36.1098106852043,-115.1393012660254,0.0,36.10987970584674,-115.1393007538135,0.0,36.10994925405019,-115.1393029986188,0.0,36.11002437391504,-115.1393082702455,0.0,36.11009112387303,-115.1393133385688,0.0,36.11016212027815,-115.1393142432692,0.0,36.11023489091249,-115.1393151705865,0.0,36.11029136879252,-115.1393080798342,0.0,36.11036172605628,-115.1393238518739,0.0,36.11042067204308,-115.1393303964204,0.0,36.11048226437318,-115.1393586559853,0.0,36.11053455267091,-115.1394118611417,0.0,36.11058773866445,-115.1394675442831,0.0,36.11061699545551,-115.1395178900378,0.0,36.11064808969529,-115.1395877758373,0.0,36.11067791604454,-115.1396709207447,0.0,1
3_B_Missed.xml,36.1095941388435,-115.1393579812227,0.0,36.10964902133104,-115.1393676238276,0.0,36.10972249135258,-115.1393661672863,0.0,36.10976045025316,-115.1393044209412,0.0,36.10983647943015,-115.1392860342891,0.0,36.10989807804683,-115.1392852255795,0.0,36.1099646255586,-115.1392937047619,0.0,36.11004416107965,-115.1392987746717,0.0,36.1101282360228,-115.1393103230948,0.0,36.11019265212075,-115.1392955478782,0.0,36.1102582701191,-115.1392726792742,0.0,36.11031249313073,-115.1392642194698,0.0,36.1103760965355,-115.1392578418886,0.0,36.11044956159287,-115.1392150439588,0.0,36.1105008503055,-115.1391909670839,0.0,36.11055735856358,-115.1391863670829,0.0,36.11062693808821,-115.1391791448354,0.0,36.11070250956625,-115.1391504612638,0.0,36.11074008489283,-115.139070742294,0.0,36.11081316092064,-115.1390436821658,0.0,0
4_A.xml,36.10967588379633,-115.1409416740235,0.0,36.10969109522389,-115.1408916235767,0.0,36.10973780216744,-115.1408773482242,0.0,36.10979132697097,-115.1408777127795,0.0,36.10985346951088,-115.1408733049717,0.0,36.10991398514464,-115.1408807307012,0.0,36.10996547170168,-115.1408855889289,0.0,36.11001401670747,-115.1408663208609,0.0,36.11006544735316,-115.1408674399161,0.0,36.11010968679104,-115.140849682314,0.0,36.11015260138807,-115.140827982214,0.0,36.11019402408451,-115.1408051129384,0.0,36.11024633121663,-115.1407893865009,0.0,36.1102845650142,-115.1407746105791,0.0,36.11034291604057,-115.140749374274,0.0,36.11041887784437,-115.1407134302694,0.0,36.11045659599728,-115.1406539474464,0.0,36.11052467179263,-115.1406079607074,0.0,36.11056142596411,-115.1405321209632,0.0,36.11063203509143,-115.1405132508531,0.0,1
4_A_Box_Missed.xml,36.1097049420436,-115.1401832139487,0.0,36.1097049426992,-115.1402583046682,0.0,36.10971920239801,-115.1403371718201,0.0,36.10980215562331,-115.1403504737892,0.0,36.10988736675503,-115.1403641378538,0.0,36.10994547447054,-115.1403718303409,0.0,36.11000465623556,-115.1403977100405,0.0,36.11006929128494,-115.1404458568167,0.0,36.11015155404648,-115.1405094834275,0.0,36.11023134269035,-115.1405947561156,0.0,36.11029129650293,-115.1406903795377,0.0,36.11037928691304,-115.140738559305,0.0,36.11044842287301,-115.1406840963562,0.0,36.11052892949309,-115.1405974135513,0.0,36.11054392016732,-115.1405097071802,0.0,36.11055729888371,-115.1403894833888,0.0,36.11056736631356,-115.1402811808179,0.0,36.11057241005278,-115.1401474998422,0.0,36.11058758750719,-115.1400117765626,0.0,36.11059604786384,-115.1399454719481,0.0,0
4_A_Missed.xml,36.10959213665919,-115.1401317075463,0.0,36.1096615052519,-115.1401592651557,0.0,36.10971581961215,-115.1402188830372,0.0,36.10971581934351,-115.1403096619543,0.0,36.10971802432942,-115.1403927933807,0.0,36.10976945909296,-115.1404301011648,0.0,36.10982696345967,-115.1404687940596,0.0,36.10989826849616,-115.140501553074,0.0,36.1099772411125,-115.1405359870987,0.0,36.11007253768715,-115.1405447424294,0.0,36.11014221535574,-115.1405569117782,0.0,36.11022273327433,-115.140579112272,0.0,36.11029756782744,-115.140685000641,0.0,36.11044276416193,-115.1407455309541,0.0,36.11052549254271,-115.1408410791488,0.0,36.11063154792389,-115.1408888384345,0.0,36.1107711657058,-115.1408606344126,0.0,36.11098108429618,-115.1408527767612,0.0,36.11116453017819,-115.1408555391005,0.0,36.11130179911504,-115.1409172878641,0.0,0
4_B.xml,36.10952234828685,-115.1393554076732,0.0,36.10956166469686,-115.139324487405,0.0,36.10961138420987,-115.1393000138592,0.0,36.10966874102667,-115.139277931092,0.0,36.10972280460959,-115.1392673817433,0.0,36.10978844695166,-115.139269155356,0.0,36.10985570944943,-115.1392709727511,0.0,36.10994801857869,-115.1392790843908,0.0,36.11002564270404,-115.1392869547403,0.0,36.11009112383849,-115.1393104581703,0.0,36.11015812993207,-115.1393009986934,0.0,36.11023625525847,-115.1392812550158,0.0,36.11031510476165,-115.1392848818133,0.0,36.11037742847034,-115.1393319377691,0.0,36.1104163208186,-115.1394108928835,0.0,36.11046012616828,-115.1394896049315,0.0,36.11053154276982,-115.1395652160543,0.0,36.11061390404314,-115.1396041045996,0.0,36.11065904589717,-115.139639221122,0.0,36.11067476313693,-115.1396611297362,0.0,1
4_B_Missed.xml,36.10980844127246,-115.1385477371439,0.0,36.10980328524487,-115.1386279002064,0.0,36.10979942336322,-115.1387094583895,0.0,36.1097942809018,-115.1388361640816,0.0,36.10978914603191,-115.1389249909789,0.0,36.10978401883789,-115.1390061527039,0.0,36.10977889925577,-115.1390751505656,0.0,36.10977506461161,-115.139136610163,0.0,36.10978786372124,-115.1391902244154,0.0,36.1098265503709,-115.1392037318322,0.0,36.10987618587787,-115.1392105785267,0.0,36.10992120739361,-115.1392186489405,0.0,36.10996276910277,-115.1392265083568,0.0,36.11000619410054,-115.1392252374355,0.0,36.11002948289885,-115.1392301638863,0.0,36.11005292580836,-115.139231991606,0.0,36.11007095767497,-115.139230258179,0.0,36.11008070507495,-115.1392200114382,0.0,36.11008768383314,-115.1391969420922,0.0,36.11009187763041,-115.1391752076431,0.0,0
5_A.xml,36.10970777716637,-115.1404436925285,0.0,36.10970777678473,-115.1405052493136,0.0,36.10970605280456,-115.140574086053,0.0,36.10970433222248,-115.1406266226095,0.0,36.10974385355829,-115.1406375065371,0.0,36.10978047766894,-115.1406670703794,0.0,36.10981665492034,-115.1406905460296,0.0,36.1098593215093,-115.1407371566877,0.0,36.10992215789354,-115.1407687435883,0.0,36.10998803557815,-115.1407871664365,0.0,36.11003521334244,-115.1407386049004,0.0,36.110101132373,-115.1407119343134,0.0,36.11017813028323,-115.1407365668786,0.0,36.11022870986977,-115.1407662032996,0.0,36.11029216758884,-115.1407737154258,0.0,36.11037696332328,-115.1407304053081,0.0,36.11044549644299,-115.1406818820487,0.0,36.11049453397347,-115.1406227966645,0.0,36.11056232423656,-115.1405408314647,0.0,36.11062981155347,-115.1405179627312,0.0,1
5_A_Missed.xml,36.10964225576301,-115.1419013837998,0.0,36.10964948007139,-115.1417933073095,0.0,36.10965430959563,-115.1416582053886,0.0,36.10971057590159,-115.1416007004753,0.0,36.1097937643254,-115.1416186280422,0.0,36.10984565188124,-115.141545178925,0.0,36.10992024176716,-115.1414862540939,0.0,36.11003377115951,-115.1413718825355,0.0,36.11013793570709,-115.1412789939063,0.0,36.1101646655981,-115.141066512092,0.0,36.11024965687235,-115.1410611555776,0.0,36.11035354374881,-115.1410603415006,0.0,36.11044501932274,-115.1410478708838,0.0,36.11047846310072,-115.1409479394411,0.0,36.11058134089653,-115.14090568253,0.0,36.11066650827001,-115.1408855798815,0.0,36.11079554412567,-115.1408522532171,0.0,36.11095847519568,-115.1408519243803,0.0,36.11110151598156,-115.1408541814508,0.0,36.11124279092232,-115.1408922978264,0.0,0
5_B.xml,36.10974336771101,-115.1397740113259,0.0,36.10974566071842,-115.1396890040015,0.0,36.109746807707,-115.1396214242975,0.0,36.10974795497642,-115.1395362101299,0.0,36.10975255163737,-115.1394565913471,0.0,36.10975600388135,-115.1393645762197,0.0,36.10976523336885,-115.139294341785,0.0,36.10984497902611,-115.1392817114412,0.0,36.10991853658407,-115.1392908312087,0.0,36.11001297787328,-115.1392993728854,0.0,36.11009242292471,-115.1393162628473,0.0,36.11016878262,-115.1393027861738,0.0,36.11024993776399,-115.1392890245111,0.0,36.11033056493942,-115.1393093057431,0.0,36.11040474502299,-115.1393860429743,0.0,36.11039609332461,-115.1394705930916,0.0,36.11042794211818,-115.1395364564897,0.0,36.11049860498999,-115.1395767381645,0.0,36.11058467677026,-115.1396159325926,0.0,36.11066375338896,-115.1396855297802,0.0,1
5_B_Missed.xml,36.10937006578725,-115.139351414824,0.0,36.1094098794596,-115.1393570125493,0.0,36.10944787251476,-115.1393624361619,0.0,36.10947461766671,-115.1393580602894,0.0,36.10950511736173,-115.1393612374779,0.0,36.10953947415017,-115.1393604587585,0.0,36.10959713802998,-115.1393561707223,0.0,36.10967436980686,-115.1393595991742,0.0,36.10973316515077,-115.1393461177758,0.0,36.10976231331368,-115.1392994329808,0.0,36.10979299678538,-115.1392856382065,0.0,36.10983304073165,-115.1392816062453,0.0,36.10986830117173,-115.1392846969909,0.0,36.10990127308514,-115.1392921838441,0.0,36.10993589866059,-115.1392906222516,0.0,36.10997222265102,-115.1392922583174,0.0,36.11001302786815,-115.1392958261328,0.0,36.11005985036632,-115.1393077560156,0.0,36.11007652440696,-115.139354786974,0.0,36.11008209979947,-115.1393977623422,0.0,0
6_A.xml,36.10966269369182,-115.1401468691143,0.0,36.10970885561024,-115.1401807483988,0.0,36.10970770752162,-115.1402743851086,0.0,36.10970541492949,-115.1403607769337,0.0,36.10972737328707,-115.1404778757014,0.0,36.1097497452913,-115.1405769682962,0.0,36.10979331157296,-115.1406186079443,0.0,36.10985651467511,-115.1406438293959,0.0,36.1099313032086,-115.1406360908961,0.0,36.11001949238999,-115.140696660056,0.0,36.11010449548965,-115.1407447764885,0.0,36.11018676329737,-115.1407670832113,0.0,36.11024785924818,-115.1407787261146,0.0,36.11031708943006,-115.1407579983502,0.0,36.11037641529678,-115.140739488913,0.0,36.11044013390946,-115.1407019447697,0.0,36.11045200887777,-115.1406328431177,0.0,36.11053985937043,-115.1406097983312,0.0,36.1105759800846,-115.1405190193905,0.0,36.11063506110266,-115.1405204198661,0.0,1
6_A_Missed.xml,36.10960737442686,-115.1416171441872,0.0,36.10966198531612,-115.1415956376378,0.0,36.10975577692894,-115.1416057301564,0.0,36.10984139591545,-115.141566351567,0.0,36.10990762842332,-115.1414942356489,0.0,36.10999580755674,-115.1414288273674,0.0,36.11004308688346,-115.1413720318561,0.0,36.11015154414441,-115.1412969548974,0.0,36.1101655696359,-115.1411712817571,0.0,36.11018624690824,-115.1410808979285,0.0,36.11021188772592,-115.1410648729027,0.0,36.11028660707301,-115.1410281403655,0.0,36.11034496318361,-115.1410635673061,0.0,36.11040338009977,-115.1410563337461,0.0,36.11044418458688,-115.1410734661013,0.0,36.11047392140979,-115.1411041727767,0.0,36.11051287488878,-115.1411465454467,0.0,36.11053660393473,-115.141175392259,0.0,36.11059157107611,-115.1411993344652,0.0,36.11065310464041,-115.1411649899877,0.0,0
6_B.xml,36.10971713506693,-115.1408575379538,0.0,36.1098142265697,-115.1408641918853,0.0,36.10989179646917,-115.1408680183242,0.0,36.10997907736718,-115.1408756914298,0.0,36.11005372128341,-115.1408874531563,0.0,36.11015416180615,-115.140928673659,0.0,36.11026370154909,-115.140944903947,0.0,36.11036459287885,-115.1409261588599,0.0,36.11044254435331,-115.1408318268386,0.0,36.11044986246218,-115.1406640431844,0.0,36.11045279337242,-115.1404872144851,0.0,36.11046013683445,-115.1403907680449,0.0,36.11046749787081,-115.1402879520929,0.0,36.11047192242454,-115.1401782347225,0.0,36.11047339795844,-115.1400786546043,0.0,36.11048227143527,-115.1399385304286,0.0,36.11048671697542,-115.1398005895058,0.0,36.11049414183114,-115.1396796622761,0.0,36.11058620815427,-115.1396066688342,0.0,36.11066689515448,-115.1396826410807,0.0,1
6_B_Missed.xml,36.11185181567006,-115.1394347342343,0.0,36.11178414594129,-115.139476110606,0.0,36.11167269781185,-115.1394870422394,0.0,36.11154102744202,-115.1394808363435,0.0,36.111433000427,-115.1394705106305,0.0,36.11126476330054,-115.1394585037926,0.0,36.11118394213131,-115.1394250169001,0.0,36.11117372000766,-115.139334982655,0.0,36.11119305602454,-115.1392647506178,0.0,36.11124597628726,-115.1392467101717,0.0,36.11132465828735,-115.1392362829393,0.0,36.11138828692511,-115.1392142175686,0.0,36.11139313991425,-115.139172944617,0.0,36.11139921629199,-115.1391381623706,0.0,36.11140652296938,-115.1391085684494,0.0,36.11141629067346,-115.1390789967249,0.0,36.11143345450333,-115.139049569482,0.0,36.11144823804301,-115.1390120645599,0.0,36.11146681138454,-115.1389836568028,0.0,36.11148049846862,-115.1389444765735,0.0,0
7_A.xml,36.11068806673295,-115.1410425310868,0.0,36.11066270002001,-115.141022978037,0.0,36.1106426992358,-115.1410015687611,0.0,36.1106229531311,-115.1409851328422,0.0,36.11059701281622,-115.140955254646,0.0,36.11056992552127,-115.1409317550534,0.0,36.11053712051542,-115.1409182589211,0.0,36.11050804627075,-115.1408814436557,0.0,36.11050653182651,-115.1408193763062,0.0,36.1105080465563,-115.1407698165312,0.0,36.11052174805288,-115.14072914336,0.0,36.11054021473506,-115.1406809320154,0.0,36.11054176400436,-115.1406597242593,0.0,36.11054486730658,-115.1406340420291,0.0,36.11054797705133,-115.1406021915721,0.0,36.11054797714184,-115.1405685585374,0.0,36.11056362265703,-115.1405326118289,0.0,36.1105938019754,-115.1405200780205,0.0,36.11061805686905,-115.1405211202162,0.0,36.11063774005776,-115.1405219659739,0.0,1
7_A_Missed.xml,36.10971947230283,-115.1401467534703,0.0,36.10971471518884,-115.1402485053747,0.0,36.10971709517686,-115.1403587557237,0.0,36.10971115760164,-115.1404751805619,0.0,36.10970878877394,-115.1405877041132,0.0,36.10978981292358,-115.1406791378909,0.0,36.10988201336956,-115.1407386446424,0.0,36.11000584838445,-115.140810546443,0.0,36.11012435440199,-115.1408853825943,0.0,36.11018764581937,-115.1409168732827,0.0,36.11025435981295,-115.1409309651472,0.0,36.11031047471029,-115.1409207642963,0.0,36.11035994372649,-115.1409195575929,0.0,36.11041216208631,-115.1409185220693,0.0,36.11046221700819,-115.1409200483439,0.0,36.1105099273191,-115.140928741558,0.0,36.11056742873802,-115.1409402000713,0.0,36.11061193583544,-115.1409532710877,0.0,36.11064267942055,-115.1409694326389,0.0,36.11067935649692,-115.1410083803932,0.0,0
7_B.xml,36.10971032844802,-115.1403415959992,0.0,36.10980599864003,-115.1403578426652,0.0,36.10989663821333,-115.1403630249968,0.0,36.10997533014213,-115.1403805966684,0.0,36.11004475835431,-115.140426100484,0.0,36.11011068328609,-115.1404931920087,0.0,36.11021179983287,-115.1405672088639,0.0,36.11029138396049,-115.1406791951036,0.0,36.11042650097038,-115.1407343571738,0.0,36.11044693128065,-115.1405654286942,0.0,36.1104469295822,-115.1404140283922,0.0,36.11045572682787,-115.1402887755297,0.0,36.11046160507775,-115.1401488644957,0.0,36.11046749470195,-115.1400163566675,0.0,36.11047782990887,-115.1398749223326,0.0,36.11048226873499,-115.1397139633371,0.0,36.11052102482915,-115.1396031588777,0.0,36.11057550305191,-115.1395761702944,0.0,36.1106185439547,-115.1396060334023,0.0,36.110657478864,-115.1396691507408,0.0,1
7_B_Missed.xml,36.1118838520341,-115.1391267983373,0.0,36.11189039080023,-115.1392503592723,0.0,36.11189039106328,-115.139375801154,0.0,36.11184478339121,-115.1394733618096,0.0,36.11173769158778,-115.139495122073,0.0,36.11159327717102,-115.1394852310048,0.0,36.1114225447721,-115.1394815100274,0.0,36.11126878401804,-115.139468515303,0.0,36.11114401703455,-115.1394538663587,0.0,36.1109889669199,-115.1394529534647,0.0,36.11087615219376,-115.1394513258828,0.0,36.11077814989459,-115.1394428878308,0.0,36.11067685078423,-115.1394380848362,0.0,36.11059626327591,-115.1394388877758,0.0,36.11050194838356,-115.1393825390811,0.0,36.11050194846516,-115.1392632121235,0.0,36.11057420541705,-115.1391965266869,0.0,36.11067166729725,-115.1392045895286,0.0,36.11080823690906,-115.1392052286126,0.0,36.11091226944706,-115.1392096764936,0.0,0
8_A.xml,36.11064198670343,-115.1411937693941,0.0,36.11061715414041,-115.1411896467456,0.0,36.11058657419473,-115.141183010577,0.0,36.11055500345478,-115.1411793286556,0.0,36.11051374277434,-115.1411740071726,0.0,36.11048483808079,-115.1411570663855,0.0,36.11047198172728,-115.1411338192515,0.0,36.11046346214863,-115.1410932942996,0.0,36.11046063145934,-115.1410431837936,0.0,36.11046063161871,-115.1409949928492,0.0,36.11046204666846,-115.1409379110405,0.0,36.11046204680834,-115.1408942206349,0.0,36.11045921831318,-115.140860847701,0.0,36.11045357476844,-115.1407987699723,0.0,36.11045075984489,-115.1407310115135,0.0,36.11044935414046,-115.1406694008082,0.0,36.11048627396484,-115.1406218563268,0.0,36.11053720692988,-115.1405886913192,0.0,36.1105669681755,-115.1405205649799,0.0,36.11062953081945,-115.140516494804,0.0,1
8_A_Missed.xml,36.10972011116454,-115.1401662096321,0.0,36.10971898267672,-115.1402162611707,0.0,36.10971559954228,-115.1402808216988,0.0,36.10971672880484,-115.1403736432383,0.0,36.1097201170005,-115.1404667429405,0.0,36.10974742781085,-115.1405223495124,0.0,36.10977862422251,-115.1405754792228,0.0,36.10982101722853,-115.1406347193364,0.0,36.10988023364933,-115.1406506002448,0.0,36.109945070034,-115.1406882144829,0.0,36.10999640439046,-115.140731199429,0.0,36.11002388230115,-115.1407922314057,0.0,36.11006512659907,-115.1408459015309,0.0,36.1101740703535,-115.140920406402,0.0,36.11024748869848,-115.1409527816325,0.0,36.11029785622753,-115.1409979733448,0.0,36.11038497259348,-115.1410389558239,0.0,36.11045623230767,-115.1410832207053,0.0,36.11054814672885,-115.141173201537,0.0,36.1106455984073,-115.141168623696,0.0,0
8_B.xml,36.10980440560989,-115.1385486118344,0.0,36.10980025009795,-115.1386328415212,0.0,36.10978989106198,-115.1387343996923,0.0,36.1097867933299,-115.1388435608437,0.0,36.10978060779916,-115.13892972516,0.0,36.10977649357288,-115.1390264893966,0.0,36.10977033503032,-115.1391387618488,0.0,36.10983582375162,-115.1392136199997,0.0,36.10990965136373,-115.1392237691932,0.0,36.11000376914066,-115.139237184485,0.0,36.11009338023347,-115.1392406085025,0.0,36.11019234303272,-115.1392718799103,0.0,36.11029145167307,-115.1392895413004,0.0,36.11038003432537,-115.139329156095,0.0,36.11045414576042,-115.13935966028,0.0,36.11050561410976,-115.1394148629053,0.0,36.11054277999709,-115.1394505194485,0.0,36.11058185816533,-115.1395008746513,0.0,36.11062577361241,-115.1395778938786,0.0,36.11066603978455,-115.1396743578539,0.0,1
8_B_Missed.xml,36.11094853268428,-115.1384593795662,0.0,36.11088011083906,-115.1384514894783,0.0,36.11081139665249,-115.138447091613,0.0,36.110746897833,-115.1384557621314,0.0,36.11070255506689,-115.1385027228311,0.0,36.1106893559642,-115.138615082794,0.0,36.11068496690515,-115.1387043659913,0.0,36.11066600741445,-115.1388030524009,0.0,36.11066164616506,-115.1388854704291,0.0,36.11066746267372,-115.1389681726894,0.0,36.11073502208036,-115.1390050171861,0.0,36.1108311195924,-115.1390487916601,0.0,36.11092506909764,-115.1390549343298,0.0,36.11101661265894,-115.139069482267,0.0,36.1110940626865,-115.1390698588487,0.0,36.11115483996453,-115.1390693631041,0.0,36.11122499670542,-115.139076229342,0.0,36.11128956738583,-115.1390828834038,0.0,36.11135694753163,-115.1390879626964,0.0,36.1114183980955,-115.1391605966178,0.0,0
9_A.xml,36.10962791350197,-115.1415436743654,0.0,36.10969737198928,-115.1415420705684,0.0,36.10976069031021,-115.1415410244953,0.0,36.10982741653275,-115.1415319912914,0.0,36.10989950701694,-115.1415044449453,0.0,36.10996838882487,-115.1414603925295,0.0,36.11000992041136,-115.1414152901482,0.0,36.11007072781184,-115.1413523611118,0.0,36.11014642807969,-115.141238863202,0.0,36.11014835029621,-115.1411049756648,0.0,36.11016764204284,-115.1410182011175,0.0,36.11022440761367,-115.1409546730019,0.0,36.1102986559107,-115.1409287487915,0.0,36.11039183205765,-115.1409233965136,0.0,36.11044716650753,-115.1408395728294,0.0,36.11044931788994,-115.1407349668066,0.0,36.11045362500423,-115.140653523585,0.0,36.11050364168154,-115.1406224916663,0.0,36.11056129160547,-115.1405432839675,0.0,36.1106293196615,-115.1405172590074,0.0,1
9_A_Missed.xml,36.10948978520111,-115.1409306569401,0.0,36.10954138002367,-115.1409404419845,0.0,36.10958815631303,-115.1409466769372,0.0,36.10967436033481,-115.1409353684522,0.0,36.10976817508411,-115.140866123773,0.0,36.10983896058849,-115.1408677611081,0.0,36.10990865642849,-115.1408725787002,0.0,36.10997186199955,-115.140877130535,0.0,36.11003842472584,-115.1408807591914,0.0,36.11010309730219,-115.140903899306,0.0,36.1101954045956,-115.1409300566384,0.0,36.11027845943754,-115.140933726376,0.0,36.11034327728733,-115.1409192320401,0.0,36.11041004871211,-115.1409187310686,0.0,36.11046590163606,-115.1409275531909,0.0,36.11048863337323,-115.1409420085494,0.0,36.11053145663893,-115.1409499751976,0.0,36.11058017577898,-115.1409335798883,0.0,36.11064210399616,-115.1409432455702,0.0,36.11069320006911,-115.1410168775155,0.0,0
9_B.xml,36.10970833131486,-115.1408450453282,0.0,36.10982364995611,-115.140854818494,0.0,36.10992137056067,-115.140865604919,0.0,36.10999815950121,-115.1408695125138,0.0,36.11008935619024,-115.1408832160806,0.0,36.11020764773902,-115.1409259875332,0.0,36.11030531364706,-115.1409285810296,0.0,36.11041065880192,-115.1409262457393,0.0,36.11045998538579,-115.1407967613833,0.0,36.11050062053075,-115.1406886864451,0.0,36.11054017294168,-115.1405481747656,0.0,36.11054973531666,-115.1404305358316,0.0,36.11056092651063,-115.1402933994297,0.0,36.11056412954228,-115.1401609603034,0.0,36.11057858841446,-115.1400089017213,0.0,36.11058342062525,-115.1398631526601,0.0,36.11059149136283,-115.1397126237865,0.0,36.11059472527096,-115.139659155312,0.0,36.11062397941919,-115.1396175920924,0.0,36.11066669419709,-115.1396623479796,0.0,1
9_B_Missed.xml,36.11094243215859,-115.1384632950593,0.0,36.11088365833009,-115.1384640935278,0.0,36.11081924646345,-115.1384606095911,0.0,36.1107901366526,-115.1385000829614,0.0,36.11078487160966,-115.1386186551582,0.0,36.11077698958976,-115.1387196410836,0.0,36.11077698974224,-115.1388235904384,0.0,36.11076781772724,-115.138918371106,0.0,36.11077436675021,-115.1390284133293,0.0,36.11086743927299,-115.1390526627695,0.0,36.11092729997018,-115.1390571208304,0.0,36.11099804012309,-115.1390623891483,0.0,36.11105599533436,-115.1390697150831,0.0,36.11111494511535,-115.1390665423088,0.0,36.1111778672301,-115.1390681239774,0.0,36.11122993285606,-115.1390812023185,0.0,36.11130261110674,-115.1390850721002,0.0,36.11136433189547,-115.1390928136504,0.0,36.11140030856831,-115.1391334356427,0.0,36.11144937342834,-115.1391771451075,0.0,0
